name,neighborhood,url_slug,res_id,rating
Mediterraneo Greenwich,Downtown,mediterraneo-greenwich,2048,4.69936708860759
Pheasant,Williamsburg,pheasant,3073,4.69406392694064
Rosemary's,West Village,rosemarys,2,4.64949089787103
Bar Moga,SoHo,bar-moga,2051,4.37606837606838
Minetta Tavern,Greenwich Village,minetta-tavern,4,4.68971631205674
40/40 Club,NoMad,40-40-club,1029,3.9467680608365
Balthazar,SoHo,balthazar,7,4.0
Empellón Taqueria,West Village,empellon-taqueria,8,4.63414634146341
Jack The Horse Tavern,Brooklyn Heights,jack-the-horse-tavern,2057,4.63091482649842
El Toro Blanco,Greenwich Village,el-toro-blanco,18,4.0
Pietro Nolita,Nolita,pietro-nolita,3683,3.92
Blenheim,West Village,blenheim,1046,4.18991964937911
Smörgås Chef,Murray Hill,smorgas-chef,1047,4.48201438848921
FERNS,East Village,ferns,2073,4.67796610169492
Morandi,West Village,morandi,26,4.48760330578512
Balaboosta,West Village,balaboosta,27,4.56798245614035
Frankies 570 Spuntino,West Village,frankies-570,28,4.50093225605966
J Casa NYC,Midtown West,j-casa-nyc,3101,4.38461538461539
Ides,Williamsburg,ides,1054,4.41720779220779
MyMoon Restaurant & Events Venue,Williamsburg,mymoon-restaurant-and-events-venue,3103,4.75
Periyali,Flatiron,periyali,32,4.5063829787234
Pasta Dal Cuore,Downtown Jersey City,pasta-dal-cuore,2081,4.61029411764706
Grace's,Greenwich Village,graces,3108,5.0
Miss Lily's Soho,SoHo,miss-lilys,40,4.5738427626745
Motel Morris,Chelsea,motel-morris,1065,4.57603092783505
Karasu,Fort Greene,karasu,519,4.67322950337937
Kings Co Imperial - Lower East Side,Lower East Side,kings-co-imperial-lower-east-side,2738,4.74503311258278
Claudette,Greenwich Village,claudette,47,4.57872928176796
Rotisserie Georgette,Upper East Side,rotisserie-georgette,48,4.0
Sushi Seki Chelsea,Chelsea,sushi-seki-23rd,49,4.77426108374384
BLT Prime,Gramercy Park,blt-prime,50,4.40229885057471
American Whiskey,Chelsea,american-whiskey,2101,4.28272251308901
Huertas,East Village,huertas,55,4.59565580618212
Center Bar,Midtown West,center-bar,2105,4.50588235294118
Craft,Flatiron,craft,351,4.58044164037855
Frankie & Johnnie's,Hell's Kitchen,frankie-and-johnnies,3132,3.95238095238095
Beco,Willamsburg,beco,2109,4.59259259259259
Attraversa,Tribeca,attraversa,3134,4.52702702702703
Harlem Hookah,Harlem,harlem-hookah,3135,3.7037037037037
Desnuda,Williamsburg,desnuda,3136,4.40909090909091
The Gatehouses at Kings County Distillery,Brooklyn Navy Yard,the-gatehouses-at-kings-county-distillery,2115,4.30769230769231
Westlight,Williamsburg,westlight,1093,4.49746192893401
Leuca,Williamsburg,leuca,1094,4.53898305084746
Kingside,Theater District,kingside,71,3.81818181818182
Vintry Wine & Whiskey,Financial District,vintry-wine-and-whiskey,2120,4.43333333333333
Casa Pública BK,North Williamsburg,casa-publica-bk,2122,4.6
Bowery Meat Company,East Village,bowery-meat-company,76,4.0
Dinosaur Bar-B-Que - Stamford,Harbor Point,dinosaur-bar-b-que-stamford,3938,5.0
The Vanderbilt,Prospect Heights,the-vanderbilt,3152,3.54166666666667
Woodland,Fort Greene,woodland,2131,4.09271523178808
Rafele Rye,Rye,rafele-rye,3598,4.62295081967213
Cafe Colette,Williamsburg,cafe-colette,2139,4.64566929133858
Bluebird London - NYC,Columbus Circle,bluebird-london,3164,4.09796893667861
Union Square Cafe,Union Square,union-square-cafe,698,4.72636692608933
Mayanoki,East Village,mayanoki,1118,4.84678522571819
Olmsted,Prospect Heights,olmsted,1124,4.78475122300441
JAMES,Prospect Heights,james,3177,4.64024390243902
dell'anima,West Village,dellanima,2154,4.70176730486009
Mediterraneo Norwalk,Norwalk,mediterraneo-norwalk,2155,4.70863309352518
Tacombi Flatiron,Nomad,cafe-el-presidente,108,4.57787234042553
Mediterraneo White Plains,White Plains,mediterraneo-white-plains,2159,4.58247422680412
Terra Ristorante Italiano- Danbury,Danbury,terra-ristorante-italiano-danbury,2162,4.50239234449761
Tuome,East Village,tuome,117,4.62341772151899
The Izakaya,East Village,the-izakaya,3190,4.42465753424658
The Honeywell,Harlem,the-honeywell,873,4.83783783783784
Quality Eats WV,West Village,quality-eats,362,4.66106563262961
Untitled at the Whitney,Meatpacking,untitled-at-the-whitney,3200,4.47887323943662
Boru Boru,Upper West Side,boru-boru,2182,4.52750809061489
Aldo Sohm Wine Bar,Theater District,aldo-sohm-wine-bar,1388,4.73913043478261
Hudson Hall,Hudson Exchange,hudson-hall,3210,4.22222222222222
Candle Cafe West,Upper West Side,candle-cafe-west,3211,4.67073170731707
The Harrow New York,Hell's Kitchen,the-harrow-new-york,2188,4.45351473922902
Gastroteca,Astoria,gastroteca,2190,4.48936170212766
Solé,New Canaan,sole,2192,4.72244897959184
Clyde Frazier's Wine and Dine,Hell's Kitchen,clyde-fraziers-wine-and-dine,1731,4.39473684210526
Hunan Slurp,East Village,hunan-slurp,3221,4.54838709677419
Seabird Restaurant,West Village,seabird-restaurant,2198,3.17171717171717
Bar Beau,North Williamsburg,bar-beau,3224,4.53968253968254
Xixa,Williamsburg,xixa,708,4.66004618937644
Cocotte,Soho,cocotte,154,4.48760330578512
Charlie Bird,SoHo,charlie-bird,5,4.68625327710019
Baz Bagel & Restaurant,SOHO,baz-bagel-and-restaurant,1050,4.68523676880223
cloudM,Little Italy,cloudm,3233,4.96
Lucali,Carroll Gardens,lucali,164,4.88217054263566
Prime Meats,Carroll Gardens,prime-meats,165,4.62667785234899
Loreley Beer Garden,Lower East Side,loreley-beer-garden,1190,4.57236842105263
Le Fond,Greenpoint,le-fond,1191,4.6390977443609
Battersby,Carroll Gardens,battersby,172,4.80113636363636
Meadowsweet,Williamsburg,meadowsweet,173,4.5843621399177
Aita Restaurant,Clinton Hill,aita-restaurant,3246,4.69491525423729
Beaubourg Brasserie at Le District,Battery Park City,beaubourg,175,4.23717948717949
Clinton St. Baking Co,Lower East SIde,clinton-st-baking-co,2078,4.48275862068965
Freds at Barneys,Upper East Side,freds-at-barneys,182,4.65646258503401
Hortus NYC,Flatiron,hortus,3255,4.39473684210526
SakaMai,Lower East Side,sakamai,2052,4.62740384615385
Rossopomodoro,West Village,rossopomodoro,3265,4.61111111111111
Chez Ma Tante,Greenpoint,chez-ma-tante,1220,4.74787430683919
The Uptown Garrison,Washington Heights,the-uptown-garrison,3273,4.9
DIA,East Village,dia,3274,4.66666666666667
Harbor Lights Restaurant,East Norwalk,harbor-lights-restaurant,2252,4.55688622754491
Laboratorio di Pasta,Hells Kitchen,laboratorio-di-pasta,2259,4.34177215189873
Marta,Flatiron,marta-manhattan,3287,4.5959595959596
Bathtub Gin,Chelsea,bathtub-gin,1245,4.43080020130851
Miss Ada,Fort Greene,miss-ada,1246,4.75677250218468
Freemans,Lower East Side,freemans,223,4.53048128342246
db Bistro Moderne,Midtown,db-bistro-moderne,226,4.15384615384615
Ed’s Lobster Bar,Soho,eds-lobster-bar,2427,4.7328990228013
Miznon at Chelsea Market,Chelsea,miznon-at-chelsea-market,3300,4.21739130434783
Boulud Sud,Upper West Side,boulud-sud,229,4.4622641509434
Bar Boulud,Upper West Side,bar-boulud,230,4.28333333333333
Landmarc at the Time Warner Center,Columbus Circle,landmarc-at-the-time-warner-center,234,4.08510638297872
Slowly Shirley,West Village,slowly-shirley,3623,4.61904761904762
The Half Pint,Greenwich Village,the-half-pint,3308,4.70588235294118
Rahi,West Village,rahi,1263,4.49421084704449
Seamore's DUMBO,DUMBO,seamores-dumbo,2295,4.23938223938224
Fedora,West Village,fedora,248,4.75417201540436
Canyon Road,Upper East Side,canyon-road,3323,5.0
Abaita,Midtown East,abaita,1986,4.63157894736842
Surf NY,Stapleton,surf,2307,4.58391608391608
Juban,Chelsea,juban,1285,4.55582524271845
Hasaki,NoHo,hasaki,2311,4.52197802197802
Surf NJ,Rumson,surf-nj,2312,4.75
Dante,West Village,dante,1290,4.68350335904454
Red Hook Lobster Pound,Red Hook,red-hook-lobster-pound,1292,4.65805168986083
Sushi AMANE,Midtown East,sushi-amane-fly,3342,4.6984126984127
central+main,Madison,centralandmain,2319,4.64204545454545
Morrell Wine Bar & Cafe,Midtown East,morrell-wine-bar-and-cafe,3344,4.56521739130435
Seamore's NOLITA,NoLita,seamores,277,4.45535105657805
Voula,West Village,voula-restaurant,1302,4.33384379785605
Tipsy Parson,Chelsea,tipsy-parson-ny,2330,4.30660377358491
Tetsu,TriBeCa,tetsu,1307,4.3313298271976
Little Frog,Upper East Side,little-frog,1308,4.55652976465159
Cibo e Vino,Upper West Side,cibo-e-vino,3044,4.51327433628319
Bruno,East Village,bruno,287,4.34253731343284
Tarallucci e Vino NoMad,NoMad,tarallucci-e-vino-nomad,2336,3.83636363636364
White Star Warren Street,Paulus Hook,white-star-warren-street,1072,4.83333333333333
Undici,Rumson,undici,2338,4.71806167400881
Grand Army,Boerum Hill,grand-army,1317,4.67174796747967
Sakagura,Midtown East,sakagura,2941,4.63300970873786
Bobo,West Village,bobo,295,4.57718120805369
Emily WV,West Village,emily-west-village,1325,4.72085570066501
Madame Vo NYC,East Village,madame-vo-nyc,2352,4.61426684280053
Edi and the Wolf,Alphabet City,edi-and-the-wolf,305,4.50299401197605
Yakitori Torishin Select Counter,Midtown,torishin,1330,4.81842818428184
Quality Eats UES,Upper East Side,quality-eats-ues,1334,4.45425326762374
Barn Joo,Union Square,barn-joo,2361,4.5072202166065
Bistrot Leo,SoHo,bistrot-leo,2362,4.28813559322034
Popina NYC,Red Hook,popina-nyc,1340,4.8265306122449
Sushi Ishikawa,Upper East Side,sushi-ishikawa,1341,4.84049079754601
Hill Country,NoMad,hill-country,53,4.36363636363636
Air's Champagne Parlor,Greenwich Village,airs-champagne-parlor,1344,4.56917363045497
Banzarbar,Lower East Side,banzarbar,3400,4.47727272727273
Russ & Daughters at the Jewish Museum,Carnagie Hill,russ-and-daughters-at-the-jewish-museum,908,4.49807692307692
The Dutch,SoHo,the-dutch,333,4.5275
Lafayette,NoHo,lafayette,334,4.42685025817556
Bar Primi,NoHo,bar-primi,335,4.64049195837275
ATLA,NoHo,atla,1360,4.44964102564103
Fish Cheeks,Bowery,fish-cheeks,693,4.64471433458775
Keens Steakhouse,Herald Square,keens-steakhouse,3413,4.68354430379747
The Saint Austere,Williamsburg,the-saint-austere,2391,4.8093023255814
Ichimura @ Uchu,Lower East Side,uchu,1373,4.81931034482759
Ristoro del Cinghiale,NoMad,ristoro-del-cinghiale,3422,4.62857142857143
Fort Defiance,Red Hook,fort-defiance,1375,4.65486725663717
Uchu Kaiseki Bar,Lower East Side,bar-uchu,1379,4.88118811881188
Minnie's,Lower East Side,minnies,1384,4.66095890410959
Cervo's,Lower East Side,cervos,1385,4.71703296703297
Hart's,Bedford-Stuyvesant,harts,1386,4.76145454545455
Le Bernardin,Theater District,le-bernardin,1387,4.79078868151716
The Richmond,Staten Island,the-richmond,3436,4.75342465753425
south+pine american eatery,Downtown Morristown,southandpine-american-eatery,1390,4.65614798694233
Osteria Cotta,Upper West Side,osteria-cotta,1391,4.46742857142857
Red Zebra,Sleepy Hollow,red-zebra,1394,4.4794952681388
Alta Calidad,Prospect Heights,alta-calidad,1395,4.65742574257426
Satsuki,Midtown,satsuki,2423,4.66101694915254
Blujeen,Harlem,blujeen,1400,4.08928571428571
Northsquare Restaurant & Lounge,Greenwich Village,northsquare-restaurant-and-lounge,1402,4.67866323907455
Tabaré,Williamsburg,tabare,1403,4.69936034115139
Blue Smoke Flatiron,Flatiron,blue-smoke-flatiron,2428,4.50847457627119
Hillstone Park Ave,NoMad,hillstone-park-ave,386,4.7909730647901
Chumley's,West Village,chumleys,1411,4.52657004830918
Till & Sprocket,Chelsea,till-and-sprocket,3461,3.92537313432836
Langosta Lounge,Asbury Park,langosta-lounge,3462,4.6
Hillstone Midtown,East 50's,hillstone-midtown,392,4.75147726299563
Izakaya Nomad,Flatiron,izakaya-nomad,1417,4.5
Joseph Leonard,West Village,joseph-leonard,394,4.81424148606811
Jeffrey's Grocery,West Village,jeffreys-grocery,395,4.77276326207443
Noi Due Carne (Meat),Midtown West,noi-due-carne,1421,4.50526315789474
Burger & Lobster Flatiron,Flatiron,burger-and-lobster,1425,4.39783281733746
Emily BK,Clinton Hill,emily,405,4.7546812040768
Babu Ji,Union Square,babu-ji,408,4.56699304303015
The Spaniard,West Village,the-spaniard,1435,4.45784832451499
The NoMad,Flatiron,the-nomad,1437,4.67569091934574
Turtle + The Wolf,Montclair,turtle-and-the-wolf,3487,4.93333333333333
Randolph Beer - NOLITA,Little Italy,randolph-beer,416,4.47080979284369
The Malt House Greenwich Village,Greenwich Village,the-malt-house-greenwich-village,3253,4.5
Lilia,Williamsburg,lilia,418,4.78964651342476
Circa Brewing Co,Downtown Brooklyn,circa-brewing-company,1444,4.27480916030534
Azasu,Lower East Side,azasu,3494,4.76190476190476
Dumonet,Carroll Gardens,dumonet,2471,4.74860335195531
Intersect by Lexus,Meatpacking,intersect-by-lexus,1448,4.72222222222222
Mathews Food & Drink,Downtown,mathews-food-and-drink,1071,4.6944065484311
DANTE at Genuine,SoHo,genuine,1453,4.44932844932845
Old Monk,East Village,old-monk,1455,4.22931785195936
Burger & Lobster Bryant Park,Midtown,burger-and-lobster-bryant-park,1462,4.40132770066385
Queens Bully,Forest Hills,queens-bully,1463,4.2037037037037
Pasquale Jones,Nolita,pasquale-jones,440,4.72015309877815
Tsurutontan Midtown,Midtown,tsurutontan-midtown,2490,4.42786069651741
Randolph Beer - WBURG,Williamsburg,randolph-brooklyn,415,4.53206002728513
The Four Horsemen,Williamsburg,the-four-horsemen,2492,4.84498480243161
Mr White,East Village,mr-white,2634,4.48148148148148
Little Choc Apothecary,Williamsburg,little-choc-apothecary,1471,4.40909090909091
The Cannibal NYC,Murray Hill,cannibal,449,4.45666666666667
Insa,Gowanus,insa,450,4.71529619805482
Marlow and Sons,Williamsburg,marlow-and-sons,417,4.62546506821
Flex Mussels- WV,West Village,flex-mussels-west-village,3534,4.60416666666667
Lighthouse,Williamsburg,lighthouse,465,4.48921832884097
Rubirosa,NoLita,rubirosa,466,4.85574927355749
Freek's Mill,Gowanus,freeks-mill,467,4.64358298833271
Speedy Romeo - Brooklyn,Clinton Hill,speedy-romeo-bk,469,4.77628032345013
Polpettina Larchmont,Larchmont,polpettina-147,470,4.58688524590164
Speedy Romeo - Lower East Side,Lower East Side,speedy-romeo-les,472,4.6602023608769
Pondicheri,Nomad,pondicheri,1499,4.13875598086124
Rosemary's Pizza,West Village,rosemarys-pizza,2524,4.56060606060606
Pizza Moto,Red Hook,pizzamoto,1502,4.84203821656051
Don Angie,West Village,don-angie,1505,4.82255688328695
The Pandering Pig,Hudson Heights,the-pandering-pig,3556,4.51851851851852
Emmy Squared Williamsburg,Williamsburg,emmy-squared,486,4.78609823911029
Lamano West Village,West Village,lamano-west-village,2537,4.22388059701493
Copper Kettle Cafe,Hartsdale,copper-kettle-cafe,3495,4.125
Osteria Leana,Oyster Bay,osteria-leana,2642,4.73267326732673
Tokyo Record Bar,Greenwich Village,tokyo-record-bar,1518,4.6404666871354
Shuko,Greenwich Village,shuko,496,4.79435676709708
Good Behavior,Nomad,good-behavior,1523,5.0
Jacob's Pickles,Upper West Side,jacobs-pickles,501,4.65194884287454
Terra Ristorante Italiano,Downtown,terra-ristorante-italiano,2049,4.71489361702128
Banter,Greenwich Village,banter,1529,4.61857707509881
The Library at The Public Theater,East Village,the-library-at-the-public-theater,1531,3.8135593220339
Shuraku,West Village,shuraku,1533,4.5929018789144
Nittis,Hell's Kitchen,nittis,3582,5.0
Ferris,NoMad,ferris,1540,4.61756283805282
BarBacon Union Square,Union Square,barbacon-union-square,3836,5.0
Jeju Noodle Bar,West Village,jeju-noodle-bar,1543,4.49060942889996
Petit Paulette,Fort Greene,petit-paulette,3596,4.0
Rafele Ristorante,West Village,rafele-ristorante,3597,4.74390243902439
Talula's,Asbury Park,talulas,526,4.70689655172414
Le Charlot,Upper East Side,le-charlot,2576,4.71559633027523
Hachibei,Midtown,unagi-ya-hachibei,3666,3.26666666666667
SUGARCANE raw bar grill,Dumbo,sugarcane,1559,4.40283051432516
Social Drink and Food,Midtown,social-drink-and-food,537,4.0
Extra Fancy,Williamsburg,extra-fancy,1565,4.42599277978339
The Harrison,Floral Park,the-harrison-floral-park,3614,4.73076923076923
Corner Delhi,Prospect Heights,corner-delhi,2591,5.0
Flex Mussels - UES,Upper East Side,flex-mussels-ues,3616,4.52941176470588
Estancia 460,Tribeca,estancia-460,2594,4.68627450980392
The Happiest Hour,West Village,the-happiest-hour,3622,4.5625
Shuka,Soho,hundred-acres,1575,4.68294028409874
Tacombi - Fort Greene,Fort Greene,tacombi-fort-greene,2600,4.02083333333333
Oxomoco,Greenpoint,oxomoco,2601,4.70438799076212
ViceVersa,Hell's Kitchen,viceversa,1578,4.73776908023483
The Wren,Bowery,the-wren,1581,4.46581196581197
The Musket Room,Soho,the-musket-room,3630,4.47560975609756
Sakagura East Village,East Village,sakagura-east-village,3631,4.23076923076923
Tsurutontan Union Square,Union Square,tsurutontan,560,4.53660886319846
Avant Garden,East Village,avant-garden,561,4.76377328577091
Savor Por Favor,East Village,savor-por-favor,3635,3.94736842105263
Raclette,East Village,raclette,1589,4.60848085631947
Mother of Pearl,East Village,mother-of-pearl,566,4.50842945874002
Nur,Flatiron,nur,777,4.60896874087058
Cienfuegos,East Village,cienfuegos,568,4.50765606595995
Llama Inn,Williamsburg,llama-inn,571,4.74043392504931
Dudley's,Lower East Side,dudleys,3646,4.38888888888889
Osteria 57,Greenwich Village,osteria-57,1601,4.40819672131148
Villanelle,Union Square,villanelle,2628,4.6497461928934
MIMI,Greenwich Village,mimi,581,4.6218011330338
Bar San Miguel,Carroll Gardens,bar-san-miguel,582,4.55555555555556
Raviolo,Greenwich Village,raviolo,1608,4.0825
Bacari Grill,Township of Washington,bacari-grill,3658,4.625
ATOBOY,Nomad Area,atoboy,587,4.70878227281968
Faun,Prospect Heights,faun,591,4.54980842911877
Celestine,Dumbo,celestine-restaurant,1616,4.61164179104478
Bessou,Noho,bessou,594,4.56637490882567
LaRina Pastificio & Vino,Fort Greene,larina,611,4.68161434977578
Claro,Gowanus,claro,1621,4.61752380952381
Nare Sushi,Midtown East,nare-sushi,1636,4.05263157894737
Crispo,Chelsea,crispo,3676,4.7578947368421
Landmark Americana,Mercer County,landmark-americana,3679,4.8
Kings Co Imperial - Williamsburg,Williamsburg,kings-co-imperial,608,4.82080735149327
I Sodi,West Village,i-sodi,443,4.81875607385811
Barano,South Williamsburg,barano,612,4.61633182112767
Subject,Lower East Side,subject,1657,4.4
Anella,Greenpoint,anella,3688,4.76923076923077
Tang Hotpot,Lower East Side,tang_hotpot,1641,4.23845327604726
Ladybird,East Village,ladybird,618,4.46912955465587
Morso Restaurant,Sutton Place,morso-restaurant,3691,4.48936170212766
The Good Fork,Red Hook,the-good-fork,621,4.70279424216765
Simon & The Whale,Gramercy,simon-and-the-whale,1981,4.62934690415606
Nouveau Monde,Sandy Hook,nouveau-monde,3696,4.0
Vu Restaurant and Lounge,The Waterfront,vu-restaurant-and-lounge,2665,4.28571428571429
Il Valentino,Midtown East,il-valentino,2681,3.23076923076923
Kiwiana,Park Slope,kiwiana,3706,
Luna Restaurant & Bar,Historic Downtown,luna-restaurant-and-bar,2495,4.51923076923077
Au Za'atar,East Village,au-zaatar,3708,4.45283018867925
Tacombi-NoLita,NoLita,tacombi-nolita,637,4.63347457627119
LIC Market,Long Island City,lic-market,3712,4.83333333333333
El Almacén,Williamsburg,el-almacen,644,4.65633802816901
The Meatball Shop - Upper East Side,Upper East Side,the-meatball-shop-upper-east-side,790,4.0
GLORIA,Hells Kitchen,gloria,1670,4.52619047619048
Marlow Bistro,Upper West Side,marlow-bistro,1671,4.50406504065041
Papilles,East Village,papilles,2696,4.86096256684492
Frankies Spuntino,Carroll Gardens,frankies-spuntino,650,4.0
Walter's,Fort Greene,walters,653,4.67676767676768
BBar and Grill,East Village,bbar-and-grill,654,4.49683544303798
Mayfield,Crown Heights,mayfield,2238,4.58638743455497
Tequila Mockingbird New Canaan,New Canaan,tequila-mockingbird,1681,4.69642857142857
Lil' Gem,Lower East Side,lil-gem,1682,4.44838709677419
Tacombi - Empire State Building,Midtown East,tacombi-empire-state-building,1690,4.43478260869565
HWA YUAN SZECHUAN,Chinatown,hwa-yuan-szechuan,1693,4.40568720379147
The NoMad Bar,NoMad,the-nomad-bar,1695,4.0
Vinateria,Harlem,vinateria,1696,4.65654205607477
Bâtard,TriBeCa,batard,624,4.54712643678161
Dinosaur Bar-B-Que - Harlem,Harlem,dinosaur-bar-b-que-harlem-fly,3746,4.0
Il Buco,East Village,il-buco,675,4.68508040500298
Emmy Squared East Village,East Village,emmy-squared-east-village,2724,4.53825136612022
Benoit New York,Theater District,benoit-new-york,3014,
Seamore's CHELSEA,Chelsea,seamores-chelsea,1702,4.44769230769231
Loring Place,Greenwich Village,loring-place,679,4.74837942955921
Stout NYC ~ Flagship,Midtown,stout-nyc-flagship,1704,4.33333333333333
Walter Foods,Williamsburg,walter-foods,682,4.71804511278195
Misi,Williamsburg,misi,3015,4.68151147098516
Adelina's,Greenpoint,adelinas,1416,4.68725868725869
Stout NYC - FiDi,Financial District,stout-nyc-fidi,1710,4.33333333333333
Unico,Four Corners,unico,3760,4.59090909090909
The Dessert Bar,Flatiron,the-dessert-bar,1714,4.82242990654206
Follia,Union Square,la-follia,691,4.51998026640355
Kahlo,Hudson Yards,kahlo,2740,4.42647058823529
Mokum,Upper West Side,mokum,3765,5.0
Coco Pazzo,SoHo,cocopazzo,1720,4.58087487283825
1 OR 8,Williamsburg,1-or-8,1722,4.63575042158516
Bazar Tapas,Chelsea,bazar-nomad,3772,5.0
Kubeh,West Village,kubeh,1994,4.53274139844617
Cafe Sabarsky,Upper East Side,cafe-sabarsky,2752,4.64179104477612
Casa Neta,Flatiron,casa-neta,706,3.94908180300501
Traif,Williamsburg,traif,707,4.72369477911647
Bryant Park Grill,Midtown,bryant-park-grill,1732,4.44444444444444
Dino & Harry's Steakhouse,Hoboken,dino-and-harrys-steakhouse,3782,5.0
Birravino,Red Bank,birravino,2337,4.74536256323777
Bin 14 Trattoria & Wine Bar,Hoboken,bin-14-trattoria-and-wine-bar,2274,4.63253012048193
St. Moritz Grill & Bar,Lake Mohawk,st-moritz-grill-and-bar,3788,
Houston's Bergen County,Hackensack,houstons-bergen-county,717,4.78450296429064
Macchina,Kips Bay,macchina,2768,4.25
Socarrat Paella Bar - Midtown East,Midtown East,socarrat-paella-bar-midtown-east,3794,5.0
Socarrat Paella Bar - Chelsea,Chelsea,socarrat-paella-bar-chelsea,3795,5.0
Momofuku Noodle Bar Columbus Circle,Columbus Circle,noodle-bar-columbus-circle,3796,4.0
Rosie's,East Village,rosies,725,4.61225858369099
MOSA,Little Italy,mosa,3705,4.88372093023256
HENRY at Life Hotel,Nomad,henry-at-life-hotel,3808,4.28571428571429
DVine Pie,Piermont,dvine-pie,3809,5.0
Scampi,Flatiron,scampi,1913,4.39566395663957
French Louie,Boerum Hill,french-louie,2018,4.68322580645161
The Kitchen Table at The Modern,Midtown,the-modern,2789,4.85148514851485
Vic's,NoHo,vics,2790,4.68819599109131
The Hive,Williamsburg,the-hive,3816,3.94117647058824
Davelle,Lower East Side,davelle,2793,4.5702479338843
L'Appart,Battery Park City,l-appart,1770,4.85402684563758
Bo's Kitchen and Bar Room,Flatiron,bos-kitchen-and-bar-room,2343,4.16161616161616
Imani,Clinton Hill,imani,2514,4.38738738738739
Chesapeake Tavern,Washington Township,chesapeake-tavern,2798,4.69672131147541
Manhatta,Lower Manhattan,manhatta,2801,4.73231827111984
Sunday in Brooklyn,Williamsburg,sundays-in-brooklyn,756,4.65873540427407
Boutros,Cobble Hill,boutros,761,4.5257328990228
Klein’s at The Hoxton,Williamsburg,kleins,2812,4.39336492890995
Sal Anthony's Restaurant,Gramercy,sal-anthonys-restaurant,3837,4.33333333333333
Via45,Redbank,via45,2814,4.81651376146789
Tacombi-Bleecker,West Village,tacombi-bleecker,640,4.62974358974359
Infamous Chicken,Upper West Side,infamous-chicken,2818,4.17142857142857
The Freckled Moose,Astoria,the-freckled-moose,3843,
Faro,Bushwick,faro,772,4.67343240304458
Randolph Beer - DUMBO,Dumbo,randolph-beer-dumbo,1797,4.35135135135135
The Meatball Shop - Chelsea,Chelsea,the-meatball-shop-chelsea,774,4.0
METHOD Japanese Kitchen and Sake Bar,Hell's Kitchen,method-japanese-kitchen-and-sake-bar,1800,4.590799031477
Building On Bond,Boerum Hill,building-on-bond,2825,4.09259259259259
YVES,TriBeCa,yves,785,4.55424063116371
The Meatball Shop - Lower East Side,Lower East Side,the-meatball-shop-lower-east-side,787,4.0
The Meatball Shop - Williamsburg,Williamsburg,the-meatball-shop-williamsburg,788,4.0
The Meatball Shop - West Village,West Village,the-meatball-shop-west-village,789,4.0
The Blue Box Cafe™ at Tiffany,Midtown,blue-box-cafe,1814,4.53757062146893
Porsena,East Village,porsena,792,4.41004184100418
Le Garage,Bushwick,le-garage,1817,4.63598326359833
The Windlass,Lake Hopatcong,the-windlass,2089,4.59322033898305
Eastend,Greenwich,eastend,1826,4.63502109704641
Pinch Chinese,SoHo,pinch-chinese,987,4.51629410180447
Empire Diner,Chelsea,empire-diner,1829,4.43172413793103
Cafeteria,Chelsea,cafeteria,1830,4.29482071713147
Camperdown Elm,Park Slope,camperdown-elm,1329,4.68937048503612
Socarrat Paella Bar - Nolita,Nolita,socarrat-paella-bar-nolita,3885,
Dinosaur Bar-B-Que - Brooklyn,Gowanus,dinosaur-bar-b-que-brooklyn,3889,4.63636363636364
Chinese Tuxedo,Chinatown,chinese-tuxedo,818,4.48965641302393
Uncle Chop Chop,West Village,uncle-chop-chop,3891,4.83333333333333
Dinosaur Bar-B-Que - Newark,Downtown,dinosaur-bar-b-que-newark,3894,3.5
MIDNIGHTS,Williamsburg,mid-nights,823,4.42721088435374
Evelina,Fort Greene,evelina,1851,4.70616113744076
Selamat Pagi,Greenpoint,selamat-pagi,3904,
4 Charles Prime Rib,West Village,4-charles-prime-rib,834,4.9164423387531
Sociale,Brooklyn Heights,sociale,3301,4.64864864864865
Dylan's Candy Bar,Upper East Side,dylans-candy-bar,2244,3.66666666666667
Elia Restaurant,Bay Ridge,elia-restaurant,2358,4.74489795918367
Las Lap,Lower East Side,las-lap,2886,5.0
The Finch,Clinton Hill,the-finch,841,4.62427548585066
Fausto,Prospect Heights,fausto,1866,4.69671689989236
Clay,Harlem,clay,1085,4.82425913163336
Camillo,Prospect Lefferts Gardens,camillo,1677,4.78571428571429
Black Forest Brooklyn - Smith St,Cobble Hill,black-forest-brooklyn-smith-st,1872,4.47058823529412
Black Forest Brooklyn - Fort Greene,Clinton Hill,black-forest-brooklyn-fort-greene,1876,4.25563909774436
Palazzo,Central Montclair,palazzo,3726,4.75
La Cigogne,Carroll Gardens,la-cigogne,3926,5.0
Maison Pickle,Upper West Side,maison-pickle,857,4.51356834897286
Lamano,Chelsea,lamano,861,4.19121447028424
Marandola's Restaurant,Bradley Beach,marandolas-restaurant,2914,4.66187050359712
St Tropez,West Village,st-tropez,1892,4.41429436705027
Masa's Raw Bar,TriBeCa,masas-raw-bar,2364,4.38888888888889
nonono,Midtown,nonono,2929,4.48411214953271
Avant Garden Brooklyn,Williamsburg,avant-garden-brooklyn,2930,4.76351351351351
The Belfry,East Village,the-belfry,1513,4.66417910447761
Shoji at 69 Leonard Street,TriBeCa,shoji69leonard,888,4.62409420289855
Aria Hells Kitchen,Hells Kitchen,aria-hells-kitchen,889,4.36369958275383
Cotenna,West Village,cotenna,890,4.6463963963964
Terra,TriBeCa,terra,891,4.57058476077968
Aria West Village,West Village,aria-west-village,892,4.48586744639376
Freds at Barneys Downtown,Chelsea,freds-at-barneys-downtown,882,4.53465346534653
Clancey,Lower East Side,clancey,894,4.38268792710706
17 Summer Restaurant,Lodi,17-summer,896,4.85479452054795
Roman's,Fort Greene,romans,1003,4.84548002803083
Pig Bleecker,Greenwich Village,pig-bleecker,902,4.53175457481163
La Contenta Oeste,Greenwich Village,la-contenta-oeste,1927,4.34883720930233
Little Alley,Murray Hill,little-alley,1931,4.47272727272727
Montclair Social Club,Montclair,montclair-social-club,2956,4.35143769968051
Bonafini,Prospect Lefferts Garden,bonafini,3982,5.0
El Rio Grande,Midtown East,el-rio-grande,1740,4.62876254180602
The Loyal,West Village,the-loyal,1936,4.41481481481481
Hudson Jane,Fort Greene,hudson-jane,2383,4.27272727272727
Mettā,Fort Greene,metta,917,4.50027056277056
Denizen,Williamsburg,denizen,3991,5.0
Grotta Azzurra Restaurant,Little Italy,grotta-azzurra-restaurant,2968,3.96153846153846
Frenchette,Tribeca,frenchette,1946,4.60078347578348
Foragers Table,Chelsea,foragers-table,1955,4.44244244244244
Delaware & Hudson,Williamsburg,delaware-and-hudson,2980,4.28402366863905
The Fat Radish,Lower East Side,the-fat-radish,934,4.49951845906902
Miss Lily's 7A Cafe & Rum Bar,East Village,miss-lilys-7a-cafe-and-rum-bar,1968,4.72164948453608
The Meatball Shop - Hell's Kitchen,Hell's Kitchen,the-meatball-shop-hells-kitchen,945,4.61654135338346
Sanctuary T,Soho,sanctuary-t,2995,3.18181818181818
Harry's,FiDi,harrys,1865,4.62857142857143
Augustine,Financial District,augustine,954,4.60544325958937
The Writing Room,UES,the-writing-room,3004,4.48056537102473
Beecher's - The Cellar,Union Square,the-cellar,842,4.53604651162791
Corkbuzz Wine Studio,Union Square,corkbuzz-wine-studio,994,4.61171797418073
Dons Bogam Original,Midtown East,dons-bogam,3010,4.45901639344262
The Malt House FiDi,Financial District,the-malt-house-fidi,3011,4.3956043956044
Reynard,Williamsburg,reynard,1014,4.45338790359254
Due West,Greenwich Village,due-west,1990,4.74838709677419
Russian Tea Room,Midtown West,russian-tea-room,1697,4.1958041958042
The Wild Son,Meatpacking District,the-wild-son,3018,4.61
Cellar 335,Historic Downtown,cellar-335,1527,4.79010695187166
Seamore's Brookfield,TriBeCa,seamores-brookfield,3020,4.16243654822335
King,West Village,king,646,4.54927870044854
Otway,Clinton Hill,otway,976,4.55384615384615
Gran Eléctrica,DUMBO,gran-electrica,2001,4.53561643835616
Epistrophy,Nolita,epistrophy,3747,4.6
886,Noho,886,3029,4.53457943925234
Codino,West Village,laboratorio,985,4.503367003367
Ada's Place,Hudson Yards,adas-place,3034,4.47297297297297
Dino,Ft. Greene,dino,2011,4.48598130841121
Blue Smoke Battery Park,Battery Park,blue-smoke-battery-park,3038,4.07142857142857
Little Park,TriBeCa,little-park,336,4.52906976744186
Rose Water,Park Slope,rose-water,3042,4.743961352657
Aurora,Rye,aurora,2020,4.86759581881533
SOOGIL,East Village,soogil,2023,4.36689814814815
Raku Soho,SoHo,raku-soho,2026,4.85519591141397
Littleneck,Gowanus,littleneck,167,4.52366863905325
The Bedford,Bedford,the-bedford,2028,4.5
Di An Di,Greenpoint,di-an-di,2727,4.72
Legacy Records,Hudson Yards,legacy-records,2030,4.49087378640777
Annicka,Greenpoint,annicka,2031,4.45233265720081
Sorellina,Hoboken,sorellina,1008,4.42626728110599
Her Name is Han,Midtown,her-name-is-han,1010,4.69149425287356
Diner,Williamsburg,diner,2038,4.63492063492064
June Wine Bar,Cobble Hill,june-wine-bar,1016,4.6508152173913
Anthony David's,Hoboken,anthony-davids,2041,4.63679245283019
Sushi Gama,Upper East Side,sushi-gama,1841,4.17647058823529